{
  "train_loss": [
    0.649246096611023,
    0.6503103375434875,
    0.6923015713691711
  ],
  "val_loss": [
    0.7350074648857117,
    0.7352408766746521,
    0.7356926798820496
  ],
  "val_mcc": [
    0.0,
    0.0,
    0.0
  ],
  "val_accuracy": [
    0.0,
    0.0,
    0.0
  ],
  "learning_rates": [
    4e-08,
    8e-08,
    1.2000000000000002e-07
  ]
}