{
  "train_loss": [
    0.5621612822754426,
    0.48743117241574835,
    0.34271380275085167
  ],
  "val_loss": [
    0.5026695440922465,
    0.5214032126324517,
    0.5806815730673927
  ],
  "val_mcc": [
    0.3192221025388362,
    0.38967055166633074,
    0.35745031722136494
  ],
  "val_accuracy": [
    0.7677564825253664,
    0.7485907553551296,
    0.7632468996617813
  ],
  "learning_rates": [
    1.7760000000000003e-05,
    1.0673076923076923e-05,
    0.0
  ]
}