{
  "train_loss": [
    0.46567862925124676,
    0.39272655525747785,
    0.287440812125563
  ],
  "val_loss": [
    0.37748546406943745,
    0.3573707115459949,
    0.3897233339858816
  ],
  "val_mcc": [
    0.229984696788508,
    0.36792453804167063,
    0.388573847459361
  ],
  "val_accuracy": [
    0.8527443105756358,
    0.8647925033467202,
    0.8621151271753681
  ],
  "learning_rates": [
    1.496e-05,
    1.2025723472668812e-05,
    0.0
  ]
}