{
  "train_loss": [
    0.32797003025511673,
    0.28981920826199353,
    0.23446952035719437
  ],
  "val_loss": [
    0.311338871717453,
    0.3220486650412733,
    0.3459212761372328
  ],
  "val_mcc": [
    0.0,
    0.0,
    0.07643068823979486
  ],
  "val_accuracy": [
    0.8994219653179191,
    0.8994219653179191,
    0.8878612716763006
  ],
  "learning_rates": [
    1.732e-05,
    1.0838548185231541e-05,
    0.0
  ]
}