{
  "train_loss": [
    0.5623179139854672,
    0.4897621226001967,
    0.34676977606104303
  ],
  "val_loss": [
    0.5008786592100348,
    0.5242713870746749,
    0.578744732641748
  ],
  "val_mcc": [
    0.3102463873537735,
    0.3747788165476391,
    0.3339949569156387
  ],
  "val_accuracy": [
    0.7632468996617813,
    0.7384441939120632,
    0.7542277339346111
  ],
  "learning_rates": [
    1.7760000000000003e-05,
    1.0673076923076923e-05,
    0.0
  ]
}