{
  "train_loss": [
    0.4341538888959181,
    0.37937673649563436,
    0.2702918393826515
  ],
  "val_loss": [
    0.3842920371890068,
    0.3834502520412207,
    0.446735726473853
  ],
  "val_mcc": [
    0.0,
    0.19444503363724344,
    0.1928346995645255
  ],
  "val_accuracy": [
    0.8496815286624204,
    0.8509554140127389,
    0.8382165605095542
  ],
  "learning_rates": [
    1.5720000000000002e-05,
    1.1575846833578794e-05,
    0.0
  ]
}