{
  "train_loss": [
    0.44050823590489774,
    0.3854148004397328,
    0.277518656087231
  ],
  "val_loss": [
    0.39348475747513323,
    0.41720296885326225,
    0.4344419242357308
  ],
  "val_mcc": [
    0.22141707400554336,
    0.27395117385721335,
    0.2754861058056155
  ],
  "val_accuracy": [
    0.8347107438016529,
    0.8394332939787486,
    0.8276269185360094
  ],
  "learning_rates": [
    1.696e-05,
    1.0984455958549222e-05,
    0.0
  ]
}