{
  "accuracy": 0.8689400687110319,
  "mcc": 0.39067312142370697,
  "precision": 0.7755610972568578,
  "recall": 0.24860111910471622,
  "f1": 0.3765133171912833,
  "auc_roc": 0.8717034846698912
}